{"cameraMode":{"drawMode":0,"name":"Shaded","section":"Shading Mode"},"sceneLighting":true,"audioPlay":false,"sceneViewState":{"m_AlwaysRefresh":false,"showFog":true,"showSkybox":true,"showFlares":true,"showImageEffects":true,"showParticleSystems":true,"showVisualEffectGraphs":true,"m_FxEnabled":false},"in2DMode":false,"pivot":{"x":20.514606475830079,"y":-16.598705291748048,"z":-1.9907150268554688},"rotation":{"x":0.3510064482688904,"y":-0.16312986612319947,"z":0.06224203482270241,"w":0.9199507236480713},"size":52.576087951660159,"orthographic":false}