{"cameraMode":{"drawMode":0,"name":"Shaded","section":"Shading Mode"},"sceneLighting":true,"audioPlay":false,"sceneViewState":{"m_AlwaysRefresh":false,"showFog":true,"showSkybox":true,"showFlares":true,"showImageEffects":true,"showParticleSystems":true,"showVisualEffectGraphs":true,"m_FxEnabled":false},"in2DMode":false,"pivot":{"x":-0.9292831420898438,"y":0.7422332763671875,"z":1.4082565307617188},"rotation":{"x":0.24935351312160493,"y":-0.2673528492450714,"z":0.07183784991502762,"w":0.9279987215995789},"size":52.576087951660159,"orthographic":false}